new_municipality,cardiac_arrests_number,points_coordinates
"mons, belgium",40,"(3.952313499999999, 50.45466340000001)"
"tournai, belgium",31,"(3.3880967, 50.6055398)"
"courcelles, belgium",26,"(4.333294599999999, 50.4633104)"
"charleroi, belgium",24,"(4.44601, 50.4096349)"
"marcinelle, belgium",22,"(4.4276538, 50.39526900000001)"
"mouscron, belgium",22,"(3.2138924, 50.7430519)"
"jemappes, belgium",21,"(3.8990501, 50.4479352)"
"ghlin, belgium",18,"(3.8877424, 50.46429639999999)"
"gilly, belgium",18,"(4.4772151, 50.4254594)"
"soignies, belgium",16,"(4.0666287, 50.57930349999999)"
"lodelinsart, belgium",15,"(4.447179999999999, 50.43150929999999)"
"jumet, belgium",15,"(4.4370311, 50.44272489999999)"
"louviere, belgium",15,"(4.181464099999999, 50.4766336)"
"quaregnon, belgium",14,"(3.8645844, 50.4443998)"
"trazegnies, belgium",14,"(4.3301766, 50.4626925)"
"gosselies, belgium",14,"(4.431955900000001, 50.4687201)"
"braine-le-comte, belgium",13,"(4.1354981, 50.61055)"
"montignies-sur-sambre, belgium",13,"(4.4777803, 50.4018544)"
"couillet, belgium",13,"(4.458941800000001, 50.3914084)"
"comines, belgium",12,"(2.9997061, 50.76874590000001)"
"hestre, belgium",12,"(4.24592, 50.47672)"
"lessines, belgium",11,"(3.8289742, 50.7125126)"
"gerpinnes, belgium",11,"(4.5276846, 50.3364965)"
"anderlues, belgium",11,"(4.2726016, 50.4058698)"
"herseaux, belgium",10,"(3.2326156, 50.722568)"
"ath, belgium",10,"(3.7727254, 50.6340486)"
"fleurus, belgium",10,"(4.550135399999999, 50.4831209)"
"tertre, belgium",10,"(3.8118542, 50.4668162)"
"marchienne-au-pont, belgium",9,"(4.3957235, 50.4055222)"
"gozee, belgium",9,"(4.351614, 50.33345749999999)"
"houdeng-goegnies, belgium",9,"(4.15428, 50.48815)"
"saint-vaast, belgium",9,"(4.16036, 50.45431)"
"montigny-le-tilleul, belgium",9,"(4.374504, 50.38082929999999)"
"kain, belgium",9,"(3.3788194, 50.63799729999999)"
"saint-ghislain, belgium",8,"(3.8169701, 50.4705544)"
"deux-acren, belgium",8,"(3.8540312, 50.7289132)"
"mont-sur-marchienne, belgium",8,"(4.405457999999999, 50.3886584)"
"dour, belgium",8,"(3.7785252, 50.3966366)"
"ecaussinnes-d'enghien, belgium",8,"(4.1538788, 50.5608812)"
"leuze, belgium",8,"(3.6264718, 50.6000761)"
"farciennes, belgium",8,"(4.5476376, 50.4313689)"
"baudour, belgium",8,"(3.8377399, 50.4832756)"
"cuesmes, belgium",8,"(3.9240678, 50.4362266)"
"thuin, belgium",8,"(4.2869141, 50.34060909999999)"
"hornu, belgium",8,"(3.8297469, 50.43086719999999)"
"dampremy, belgium",8,"(4.4308155, 50.4171274)"
"binche, belgium",8,"(4.1661503, 50.4124176)"
"seneffe, belgium",8,"(4.2567751, 50.53310459999999)"
"chatelet, belgium",8,"(4.5181885, 50.4039515)"
"chatelineau, belgium",7,"(4.51986, 50.41533)"
"boussu, belgium",7,"(3.7956691, 50.4339141)"
"ch‚telineau, belgium",7,"(4.469936, 50.503887)"
"peruwelz, belgium",7,"(3.5913215, 50.5096011)"
"haine-saint-pierre, belgium",7,"(4.1996, 50.45413)"
"thimeon, belgium",6,"(4.4297958, 50.485343)"
"roux, belgium",6,"(4.3859913, 50.4411759)"
"manage, belgium",6,"(4.23529, 50.50303)"
"ellezelles, belgium",6,"(3.6798889, 50.7338964)"
"monceau-sur-sambre, belgium",6,"(4.376359, 50.4166487)"
"chapelle-lez-herlaimont, belgium",6,"(4.2837102, 50.46727240000001)"
"roselies, belgium",6,"(4.57179, 50.42978)"
"stree, belgium",6,"(4.288815, 50.2750402)"
"wasmes, belgium",6,"(3.8449946, 50.4219636)"
"carnieres, belgium",6,"(4.2549, 50.44139)"
"blaton, belgium",5,"(3.6598433, 50.4992803)"
"hyon, belgium",5,"(3.9607279, 50.4395855)"
"houdeng-aimeries, belgium",5,"(4.1446, 50.48578)"
"rouveroy, belgium",5,"(4.06213, 50.35543999999999)"
"haine-saint-paul, belgium",5,"(4.19126, 50.45312999999999)"
"fontaine-l'eveque, belgium",5,"(4.3211663, 50.4136315)"
"acoz, belgium",5,"(4.53391, 50.35858)"
"solre-sur-sambre, belgium",5,"(4.1578836, 50.3071512)"
"chievres, belgium",5,"(3.8061103, 50.5859526)"
"erquelinnes, belgium",5,"(4.1187527, 50.3098164)"
"harchies, belgium",4,"(3.6946534, 50.4803048)"
"wasmuel, belgium",4,"(3.8453838, 50.4456324)"
"sirault, belgium",4,"(3.7899285, 50.5041746)"
"gottignies, belgium",4,"(4.060309999999999, 50.49657)"
"goutroux, belgium",4,"(4.3607435, 50.4068438)"
"ormeignies, belgium",4,"(3.7510985, 50.5946299)"
"tamines, belgium",4,"(4.60819, 50.43353)"
"frasnes-lez-gosselies, belgium",4,"(4.447971, 50.5356096)"
"villers-saint-ghislain, belgium",4,"(4.0409306, 50.4320932)"
"ransart, belgium",4,"(4.4760083, 50.4617198)"
"maffle, belgium",4,"(3.8057979, 50.61699729999999)"
"luttre, belgium",4,"(4.3914653, 50.5097805)"
"pottes, belgium",4,"(3.4064337, 50.7311992)"
"petit-enghien, belgium",4,"(4.082993699999999, 50.6913651)"
"pont-de-loup, belgium",4,"(4.54547, 50.41619)"
"lens, belgium",4,"(3.8998496, 50.5578229)"
"ronquieres, belgium",4,"(4.2205125, 50.608026)"
"jamioulx, belgium",4,"(4.4127538, 50.3528183)"
"frasnes-lez-buissenal, belgium",4,"(3.6197759, 50.6699339)"
"dottignies, belgium",4,"(3.3048918, 50.7281602)"
"forchies-la-marche, belgium",4,"(4.32036, 50.43664)"
"antoing, belgium",4,"(3.4513915, 50.5672729)"
"basecles, belgium",4,"(3.6488934, 50.5259119)"
"eugies, belgium",4,"(3.88777, 50.39021)"
"ellignies-sainte-anne, belgium",4,"(3.67696, 50.56277619999999)"
"mellet, belgium",3,"(4.4720439, 50.5046494)"
"maurage, belgium",3,"(4.09927, 50.4567)"
"bellecourt, belgium",3,"(4.254379999999999, 50.48307)"
"erbisoeul, belgium",3,"(3.8966431, 50.5161101)"
"souvret, belgium",3,"(4.3497084, 50.45062979999999)"
"calonne, belgium",3,"(3.4365062, 50.5780363)"
"blaregnies, belgium",3,"(3.89704, 50.35715)"
"harmignies, belgium",3,"(4.0174614, 50.4060459)"
"estinnes-au-mont, belgium",3,"(4.096229999999999, 50.39652)"
"bouffioulx, belgium",3,"(4.51635, 50.39071999999999)"
"clermont, belgium",3,"(5.884551399999999, 50.6590232)"
"leers-nord, belgium",3,"(3.2718413, 50.6876942)"
"saint-servais, belgium",3,"(4.8344548, 50.4766054)"
"havre, belgium",3,"(4.0453246, 50.4639119)"
"celles, belgium",3,"(3.4581754, 50.7128662)"
"vaulx, belgium",3,"(3.4334752, 50.5903852)"
"chimay, belgium",3,"(4.3146556, 50.0476421)"
"nalinnes, belgium",3,"(4.4465124, 50.3241156)"
"paturages, belgium",3,"(3.8383261, 50.4048263)"
"frameries, belgium",3,"(3.8934891, 50.4069902)"
"froyennes, belgium",3,"(3.3471214, 50.6229047)"
"godarville, belgium",3,"(4.288419999999999, 50.49626)"
"warneton, belgium",3,"(2.9488295, 50.7527699)"
"rebaix, belgium",2,"(3.7835209, 50.6604453)"
"ressaix, belgium",2,"(4.19475, 50.42187999999999)"
"nimy, belgium",2,"(3.9552523, 50.4765848)"
"nèchin, belgium",2,"(3.2690718, 50.6670101)"
"ogy, belgium",2,"(3.7806795, 50.7207024)"
"chaussee-notre-dame-louvignies, belgium",2,"(3.9983062, 50.5927405)"
"ollignies, belgium",2,"(3.8591532, 50.6846628)"
"rance, belgium",2,"(4.2777573, 50.1421122)"
"orroir, belgium",2,"(3.4794562, 50.74864299999999)"
"quièvrain, belgium",2,"(3.683004999999999, 50.4076136)"
"quevy-le-petit, belgium",2,"(3.93351, 50.36854)"
"oupeye, belgium",2,"(5.6439897, 50.7093251)"
"presles, belgium",2,"(4.57866, 50.38391)"
"pecq, belgium",2,"(3.3386795, 50.6854518)"
"buissenal, belgium",2,"(3.655713499999999, 50.6642045)"
"boussu-lez-walcourt, belgium",2,"(4.3780579, 50.22786139999999)"
"saint-amand, belgium",2,"(4.54986, 50.50637)"
"vloesberg, belgium",2,"(3.7377447, 50.7371948)"
"vedrin, belgium",2,"(4.876087699999999, 50.5022173)"
"velaine-sur-sambre, belgium",2,"(4.61402, 50.4674)"
"ville-sur-haine, belgium",2,"(4.069129999999999, 50.47529)"
"villers-perwin, belgium",2,"(4.4780447, 50.5262517)"
"villers-poterie, belgium",2,"(4.549049999999999, 50.35363)"
"arbre, belgium",2,"(4.82126, 50.36612)"
"wanfercee-baulet, belgium",2,"(4.587829999999999, 50.47273999999999)"
"saint-denis, belgium",2,"(4.0192594, 50.4910335)"
"wangenies, belgium",2,"(4.51986, 50.47957)"
"warchin, belgium",2,"(3.4233289, 50.6103448)"
"anvaing, belgium",2,"(3.5610313, 50.68276669999999)"
"wervik, belgium",2,"(3.0449082, 50.7840561)"
"wez-velvain, belgium",2,"(3.389033, 50.5477881)"
"trivieres, belgium",2,"(4.14802, 50.45041)"
"bas-warneton, belgium",2,"(2.9610169, 50.75912630000001)"
"tongre-notre-dame, belgium",2,"(3.7755504, 50.5814329)"
"thulin, belgium",2,"(3.7391863, 50.4290487)"
"thisnes, belgium",2,"(5.04677, 50.6658)"
"beclers, belgium",2,"(3.5046928, 50.6209471)"
"templeuve, belgium",2,"(3.283159, 50.64480709999999)"
"taintignies, belgium",2,"(3.3403627, 50.5467427)"
"stambruges, belgium",2,"(3.7172081, 50.5085894)"
"sombreffe, belgium",2,"(4.6110213, 50.5251141)"
"blaugies, belgium",2,"(3.8058371, 50.372016)"
"bois-d'haine, belgium",2,"(4.22108, 50.50407)"
"silly, belgium",2,"(3.9241434, 50.6493708)"
"sars-la-buissiere, belgium",2,"(4.209800599999999, 50.3397381)"
"saint-lèger, belgium",2,"(5.6568739, 49.6121528)"
"bouverie, belgium",2,"(3.8777386, 50.40226430000001)"
"naast, belgium",2,"(4.0991332, 50.5543555)"
"cognelèe, belgium",2,"(4.907071200000001, 50.5148464)"
"ham-sur-heure, belgium",2,"(4.3880774, 50.32212029999999)"
"hennuyëres, belgium",2,"(4.1696, 50.63843)"
"hantes-wiheries, belgium",2,"(4.1778621, 50.3053426)"
"fauroeulx, belgium",2,"(4.110399999999999, 50.37022)"
"fayt-lez-manage, belgium",2,"(4.226367499999999, 50.4907605)"
"leval-trahegnies, belgium",2,"(4.21766, 50.41652999999999)"
"hensies, belgium",2,"(3.6846851, 50.4323245)"
"fontenoy, belgium",2,"(3.4736321, 50.567749)"
"leers-et-fosteau, belgium",2,"(4.2457958, 50.3044451)"
"leernes, belgium",2,"(4.33217, 50.39821)"
"lambusart, belgium",2,"(4.553319999999999, 50.45453)"
"morlanwelz-mariemont, belgium",2,"(4.2425225, 50.4551692)"
"fourbechies, belgium",2,"(4.3107812, 50.16368809999999)"
"gouy-lez-pieton, belgium",2,"(4.3342955, 50.4908073)"
"jemeppe-sur-meuse, belgium",2,"(5.4951966, 50.6175969)"
"amougies, belgium",2,"(3.5068355, 50.74428)"
"fra-fresnes-sur-escaut, belgium",2,"(3.578965, 50.433359)"
"fra-saint-saulve, belgium",2,"(3.554938, 50.370729)"
"grandglise, belgium",2,"(3.694239199999999, 50.505325)"
"graty, belgium",2,"(3.9960425, 50.6319712)"
"loverval, belgium",2,"(4.4737, 50.3747)"
"luingne, belgium",2,"(3.2337149, 50.738441)"
"mainvault, belgium",2,"(3.7168499, 50.6490683)"
"gaurain-ramecroix, belgium",2,"(3.4892888, 50.5938686)"
"montroeul-sur-haine, belgium",2,"(3.7039398, 50.43552469999999)"
"dergneau, belgium",2,"(3.5689855, 50.7132742)"
"montignies-saint-christophe, belgium",2,"(4.1914995, 50.282205)"
"gelbressee, belgium",2,"(4.956100999999999, 50.5055017)"
"momignies, belgium",2,"(4.1601276, 50.0271204)"
"moignelee, belgium",2,"(4.58455, 50.44542)"
"enghien, belgium",2,"(4.0395343, 50.6935797)"
"milmort, belgium",2,"(5.5922106, 50.6903579)"
"mignault, belgium",2,"(4.15313, 50.528)"
"meslin-l'eveque, belgium",2,"(3.8474277, 50.649351)"
"gonrieux, belgium",2,"(4.4262251, 50.0361913)"
"maulde, belgium",2,"(3.5480139, 50.6165291)"
"masnuy-saint-jean, belgium",2,"(3.9451238, 50.5310497)"
"erquennes, belgium",2,"(3.79349, 50.35941)"
"marche-lez-ecaussinnes, belgium",2,"(4.181900199999999, 50.54692430000001)"
"estaimpuis, belgium",2,"(3.2707923, 50.6875048)"
"hacquegnies, belgium",2,"(3.5935257, 50.6513567)"
"moulbaix, belgium",1,"(3.7157035, 50.6015858)"
"fra-thivencelle, belgium",1,"(3.634798, 50.43956)"
"fra-vieux-conde, belgium",1,"(3.568612, 50.458671)"
"fra-wasquehal, belgium",1,"(3.130782, 50.669276)"
"aulnois, belgium",1,"(3.902, 50.34048)"
"namur, belgium",1,"(4.865072899999999, 50.4649359)"
"mont-sainte-aldegonde, belgium",1,"(4.233449999999999, 50.43056)"
"peronnes-lez-antoing, belgium",1,"(3.4541886, 50.5503284)"
"peronnes-lez-binche, belgium",1,"(4.14874, 50.43722)"
"merbes-le-chateau, belgium",1,"(4.1647872, 50.3243307)"
"roucourt, belgium",1,"(3.5871404, 50.5291691)"
"brugelette, belgium",1,"(3.8545171, 50.5993089)"
"leugnies, belgium",1,"(4.1975122, 50.2230128)"
"strepy-bracquegnies, belgium",1,"(4.120000000000001, 50.48055)"
"fra-quievrechain, belgium",1,"(3.669777, 50.395416)"
"bassilly, belgium",1,"(3.9336848, 50.6767826)"
"herinnes-lez-pecq, belgium",1,"(3.3633472, 50.701341)"
"wijtschate, belgium",1,"(2.8831131, 50.7858578)"
